,mean_fit_time,mean_score_time,mean_test_score,mean_train_score,param_n_estimators,params,rank_test_score,split0_test_score,split0_train_score,split1_test_score,split1_train_score,split2_test_score,split2_train_score,split3_test_score,split3_train_score,std_fit_time,std_score_time,std_test_score,std_train_score
14,43.254497,0.025568,-8.981504,-6.601028,800,{'n_estimators': 800},1,-8.825018,-6.739448,-8.757257,-6.648109,-9.29752,-6.486269,-9.046451,-6.530287,7.208308,0.002966,0.211453,0.099437
13,51.9714,0.050644,-8.982193,-6.633542,750,{'n_estimators': 750},2,-8.830294,-6.772908,-8.750657,-6.660453,-9.299357,-6.520818,-9.048696,-6.579989,2.513258,0.013913,0.213125,0.094501
12,46.690784,0.04938,-8.9891,-6.686214,700,{'n_estimators': 700},3,-8.835777,-6.812928,-8.754819,-6.69577,-9.313318,-6.61124,-9.052721,-6.624919,1.257214,0.006475,0.216536,0.079884
9,37.236593,0.041358,-8.994138,-6.835031,550,{'n_estimators': 550},4,-8.853451,-7.003413,-8.755897,-6.781878,-9.325442,-6.809121,-9.041991,-6.745712,0.518138,0.006888,0.217136,0.099783
11,43.378776,0.036597,-8.995319,-6.740194,650,{'n_estimators': 650},5,-8.850857,-6.864375,-8.754361,-6.721452,-9.325111,-6.708191,-9.051181,-6.666758,0.795234,0.004937,0.218405,0.07448
